number_of_examples,number_of_examples_per_disease,accuracy
0,0,0.8
4,1,0.7666666666666667
8,2,0.5333333333333333
12,3,0.7
16,4,0.4666666666666667
20,5,0.6333333333333333
24,6,0.5666666666666667
28,7,0.6666666666666666
32,8,0.6333333333333333
36,9,0.6333333333333333
40,10,0.6333333333333333
