number_of_examples,number_of_examples_per_disease,accuracy
0,0,0.8
4,1,0.8666666666666667
8,2,0.5666666666666667
12,3,0.5666666666666667
16,4,0.5333333333333333
20,5,0.5666666666666667
24,6,0.6666666666666666
28,7,0.6
32,8,0.6333333333333333
36,9,0.6
40,10,0.6333333333333333
