number_of_examples,number_of_examples_per_disease,accuracy
0,0,0.8
4,1,0.7666666666666667
8,2,0.5
12,3,0.5666666666666667
16,4,0.5
20,5,0.6
24,6,0.6
28,7,0.6
32,8,0.6
36,9,0.6
40,10,0.6
